method,avg_len,seconds,gap_%
LKH (near-optimal),3.845261335372925,5.025859355926514,0.0
"RL sampling x1280, T=2.0 (critic)",3.907858371734619,3.466899871826172,1.6279007043255689
NN + 2-opt,3.9457788467407227,0.9294228553771973,2.6140618959530126
"RL sampling x1280, T=2.0 (ema)",3.957059144973755,3.4698538780212402,2.907417724054051
"RL sampling x1280, T=1.0 (critic)",3.962938070297241,3.494521141052246,3.0603052604460723
"RL sampling x1280, T=1.0 (ema)",4.00539493560791,3.469503402709961,4.1644399760791595
RL greedy (critic),4.020466327667236,0.017537832260131836,4.556387122055505
RL greedy (ema),4.190634727478027,0.016645193099975586,8.981792444845805
Nearest neighbour,4.496453762054443,0.11554169654846191,16.93493289236645
Random tour,10.377488136291504,0.026851177215576172,169.8773173315427
